nome,email,comentario,post,postado
Isis Machado Lopes,isislopes@bol.com.br,Etiam ornare sapien non neque aliquet aliquam.,3,0
Daniel Ramos,danielramos@ig.com.br,"Vivamus luctus metus quis ante condimentum, sed interdum lacus luctus.",20,1
Gabriela Dantas,gabrieladantas@gmail.com,"Maecenas a ligula viverra, tempor ipsum at, consequat orci.",4,1
Manuela da Rocha,manuelarocha@gmail.com,Nunc pharetra sem eu scelerisque egestas.,18,0
Davi Farias Siqueira Garcia,davigarcia@gmail.com,"Etiam eget tortor posuere, tempor massa ut, facilisis nisi.",15,0
Maria Cecília Pinto de Castro,mariacastro@bol.com.br,"Donec consequat sem id turpis imperdiet, nec bibendum leo sodales.",10,0
Arthur Fernandes,arthurfernandes@gmail.com,"Cras id odio placerat, hendrerit nibh sed, volutpat diam.",4,1
Maria Julia da Rocha,mariarocha@ig.com.br,Donec posuere risus ac ipsum placerat cursus.,12,1
Gabriel Gonçalves Mendes,gabrielmendes@gmail.com,Maecenas lacinia enim placerat lacus viverra dapibus.,12,1
Yasmin Barros,yasminbarros@hotmail.com,Curabitur scelerisque dui sed sapien gravida gravida.,19,0
Maite Braga Cruz Duarte,maiteduarte@bol.com.br,"Aliquam hendrerit arcu quis risus molestie, eu cursus odio pellentesque.",10,0
Gustavo Soares,gustavosoares@ig.com.br,Maecenas lacinia enim placerat lacus viverra dapibus.,13,0
Alicia Machado,aliciamachado@ig.com.br,"In in felis auctor, scelerisque magna in, eleifend sapien.",5,1
Elisa Pinheiro Henrique,elisahenrique@ig.com.br,Donec sed sapien egestas sem viverra tempus vel nec velit.,10,0
Ana Clara Cardoso Carvalho da Cruz,anacruz@gmail.com,Vivamus eu sem et ligula egestas congue eu vel purus.,11,1
Gustavo Correa,gustavocorrea@bol.com.br,"Maecenas a ligula viverra, tempor ipsum at, consequat orci.",8,0
Clara Ferreira de Oliveira Medeiros,claramedeiros@bol.com.br,"Mauris lobortis turpis id nisl fringilla, ac posuere lacus vulputate.",12,0
Guilherme Cordeiro,guilhermecordeiro@gmail.com,"Donec consequat sem id turpis imperdiet, nec bibendum leo sodales.",20,0
Antonella do Carmo de Souza Dantas,antonelladantas@outlook.com,"Vestibulum et ipsum tincidunt, sodales turpis faucibus, condimentum dui.",7,1
Esther do Nascimento Tavares Ferreira,estherferreira@gmail.com,Morbi varius orci in efficitur tempor.,16,1
Davi Moreira de Assis Santana,davisantana@ig.com.br,"Etiam quis dolor consectetur, aliquam urna quis, pellentesque nunc.",19,0
Ana Julia Gonçalves,anagonçalves@outlook.com,"Cras id odio placerat, hendrerit nibh sed, volutpat diam.",14,1
Maria Clara de Almeida Borges de Melo,mariamelo@hotmail.com,Nunc quis urna ut lorem viverra iaculis.,19,1
Luiza Reis Viana,luizaviana@gmail.com,Mauris tincidunt dui et molestie tincidunt.,9,0
Mariana Nogueira,mariananogueira@bol.com.br,"Vestibulum et ipsum tincidunt, sodales turpis faucibus, condimentum dui.",3,0
Gustavo Martins de Lima Sántos,gustavosántos@gmail.com,"Pellentesque ac tellus dignissim, luctus magna vitae, viverra elit.",20,0
Nicolas de Castro Moraes Miranda,nicolasmiranda@gmail.com,Curabitur quis nisl et eros pellentesque pretium quis id massa.,6,1
Gabriel Miranda,gabrielmiranda@bol.com.br,Maecenas lacinia enim placerat lacus viverra dapibus.,10,1
Vinicius de Oliveira de Sousa de Paula,viniciuspaula@ig.com.br,"Maecenas vel mi sagittis, suscipit turpis eu, rhoncus massa.",12,1
Matheus Dantas de Carvalho,matheuscarvalho@gmail.com,"Cras in leo dictum, sollicitudin nulla sed, placerat turpis.",3,1
Bryan Lopes Melo,bryanmelo@bol.com.br,Sed lacinia velit et lacus luctus accumsan.,15,0
Davi Pinheiro,davipinheiro@hotmail.com,Nam congue purus in nisl eleifend semper.,13,0
Lavinia Cavalcante dos Reis de Jesus,laviniajesus@ig.com.br,Duis vehicula lectus at metus eleifend porttitor.,13,1
Lorenzo Fernandes Araujo,lorenzoaraujo@gmail.com,Morbi eget orci vel elit pellentesque efficitur ac quis nibh.,2,1
Agatha Viana,agathaviana@bol.com.br,Sed ac libero non magna blandit blandit.,18,0
Yasmin Freitas,yasminfreitas@hotmail.com,Proin id ipsum nec ipsum fermentum posuere nec eu nisl.,1,1
Bernardo Melo,bernardomelo@ig.com.br,Vivamus eu sem et ligula egestas congue eu vel purus.,18,1
Henrique dos Santos,henriquesantos@gmail.com,Quisque id enim eu mauris volutpat molestie fermentum ac quam.,4,1
Beatriz dos Reis Souza Oliveira,beatrizoliveira@ig.com.br,"Quisque rhoncus erat a felis finibus, vitae viverra ex dapibus.",9,0
Antonella Miranda Neves,antonellaneves@hotmail.com,Vestibulum ut mauris a enim viverra accumsan id eu justo.,19,1
Joaquim Santana Vieira,joaquimvieira@gmail.com,"Donec eget orci rhoncus, semper sem vel, molestie turpis.",17,0
Clara de Jesus Pires Dias,claradias@outlook.com,Maecenas tempor urna quis tincidunt congue.,19,1
Rafaela Dias,rafaeladias@ig.com.br,Etiam finibus ligula et ante finibus bibendum.,11,1
Enzo Gabriel Teixeira Dias,enzodias@hotmail.com,"Vestibulum ultricies tortor et nulla aliquet, tincidunt pharetra odio faucibus.",4,1
Pedro Rodrigues,pedrorodrigues@bol.com.br,"Vivamus luctus metus quis ante condimentum, sed interdum lacus luctus.",8,1
Murilo de Souza Lima,murilolima@bol.com.br,"Integer mollis velit varius ante convallis, mollis tempor massa maximus.",19,1
Emanuel de Castro Rocha de Andrade,emanuelandrade@gmail.com,"Maecenas vel mi sagittis, suscipit turpis eu, rhoncus massa.",2,0
Eloa Coelho,eloacoelho@bol.com.br,Sed accumsan odio sed sapien laoreet porta.,16,0
Vicente da Cruz Santos,vicentesantos@bol.com.br,"Phasellus vel risus porta, facilisis eros et, laoreet mauris.",4,0
Maria Helena de Jesus,mariajesus@gmail.com,"Cras in leo dictum, sollicitudin nulla sed, placerat turpis.",2,0
Isaac Rodrigues Siqueira,isaacsiqueira@bol.com.br,"Phasellus congue nibh in tortor interdum, tempor mollis dolor commodo.",14,1
Gabriela de Melo do Nascimento,gabrielanascimento@bol.com.br,Nam congue purus in nisl eleifend semper.,10,1
Melissa de Souza Vieira Rodrigues,melissarodrigues@outlook.com,"Etiam quis dolor consectetur, aliquam urna quis, pellentesque nunc.",10,1
Enzo Rodrigues,enzorodrigues@ig.com.br,"Aliquam hendrerit arcu quis risus molestie, eu cursus odio pellentesque.",1,0
Enrico Campos,enricocampos@outlook.com,Ut ac quam et ex ullamcorper aliquet eget dapibus sem.,16,0
Elisa Costa Vieira,elisavieira@bol.com.br,"Quisque tristique libero a libero pellentesque, et consequat nibh imperdiet.",15,0
Clara Bezerra Pinto Pinheiro,clarapinheiro@hotmail.com,"Sed nec urna scelerisque, dignissim ante et, mattis est.",13,0
Maria Alice Rodrigues,mariarodrigues@gmail.com,"Curabitur et ipsum commodo, ornare risus sed, lobortis tortor.",5,0
Esther Aparecido Borges,estherborges@bol.com.br,Cras a neque nec lorem gravida tempor sed non mauris.,1,0
Maria Clara de Sousa Coelho Neves,marianeves@bol.com.br,"Mauris lobortis turpis id nisl fringilla, ac posuere lacus vulputate.",8,1
Benjamin Viana Rodrigues Lima,benjaminlima@hotmail.com,"Quisque dictum turpis id nisl vehicula, vel pulvinar risus placerat.",13,1
Ana Laura da Rocha Moreira,anamoreira@outlook.com,"Pellentesque ac tellus dignissim, luctus magna vitae, viverra elit.",6,1
Isabella Coelho Martins de Melo,isabellamelo@bol.com.br,"Morbi pretium nisl ut ipsum viverra, in auctor nulla dignissim.",10,1
Maria Eduarda Conceição,mariaconceição@bol.com.br,Duis vehicula lectus at metus eleifend porttitor.,11,1
Lucas Marques Fernandes Santana,lucassantana@outlook.com,"In aliquam augue eget lectus volutpat, eget cursus urna rutrum.",18,1
Joao Lucas Conceição Santos,joaosantos@hotmail.com,"Aliquam hendrerit arcu quis risus molestie, eu cursus odio pellentesque.",10,1
Joao Miguel dos Reis Nascimento Sousa,joaosousa@hotmail.com,"Nam eget orci consectetur, ullamcorper est in, molestie urna.",1,0
Joao Miguel Costa Carvalho,joaocarvalho@outlook.com,"In in felis auctor, scelerisque magna in, eleifend sapien.",13,0
Lucca Lopes,luccalopes@outlook.com,Sed accumsan odio sed sapien laoreet porta.,4,1
Beatriz Martins,beatrizmartins@gmail.com,Nunc quis urna ut lorem viverra iaculis.,9,1
Sarah de Andrade,sarahandrade@gmail.com,Donec a nisi eu mi fringilla sagittis in eu orci.,8,0
Miguel Correa,miguelcorrea@hotmail.com,"Nam eget orci consectetur, ullamcorper est in, molestie urna.",9,0
Miguel Brito Alves,miguelalves@bol.com.br,Nullam faucibus tortor vitae ultrices vehicula.,4,0
Leonardo Pinheiro,leonardopinheiro@bol.com.br,"Etiam quis dolor consectetur, aliquam urna quis, pellentesque nunc.",10,0
Giovanna de Lima Pereira Ribeiro,giovannaribeiro@hotmail.com,Sed eu neque feugiat augue blandit pharetra.,6,1
Caua de Melo de Souza Barbosa,cauabarbosa@hotmail.com,Cras quis elit quis enim aliquet consectetur.,9,1
Gabriela de Castro,gabrielacastro@hotmail.com,"Maecenas vel mi sagittis, suscipit turpis eu, rhoncus massa.",14,0
Laura Barbosa,laurabarbosa@gmail.com,Sed accumsan odio sed sapien laoreet porta.,5,1
Ana Laura Coelho Gonçalves,anagonçalves@hotmail.com,"Praesent tempor justo a nibh cursus, eget efficitur velit laoreet.",13,0
Isabella Pires de Souza Silva,isabellasilva@hotmail.com,Quisque elementum sapien non tincidunt viverra.,12,0
Mariana Monteiro Dantas de Paula,marianapaula@outlook.com,"Proin ultrices lorem fringilla ex viverra, sed semper nisl rhoncus.",14,1
Sarah Carneiro Fernandes,sarahfernandes@hotmail.com,"Cras id odio placerat, hendrerit nibh sed, volutpat diam.",17,1
Ana Julia Alves,anaalves@hotmail.com,Proin id ipsum nec ipsum fermentum posuere nec eu nisl.,7,0
Agatha Melo,agathamelo@outlook.com,"In aliquam augue eget lectus volutpat, eget cursus urna rutrum.",10,0
Emanuelly Duarte Gomes Pinto,emanuellypinto@hotmail.com,Curabitur scelerisque dui sed sapien gravida gravida.,6,0
Vicente Borges Leite,vicenteleite@outlook.com,Nunc quis urna ut lorem viverra iaculis.,17,0
Nicolas Almeida,nicolasalmeida@bol.com.br,Sed ac libero non magna blandit blandit.,14,1
Ana Clara Bezerra,anabezerra@gmail.com,"Phasellus congue nibh in tortor interdum, tempor mollis dolor commodo.",1,1
Arthur de Melo de Freitas,arthurfreitas@gmail.com,Nam tempor nunc vitae est condimentum consequat ac eu mi.,19,0
Heloísa de Almeida de Andrade,heloísaandrade@hotmail.com,Vivamus eu dolor a sem dapibus rutrum.,3,1
Ana Julia de Assis Barros Machado,anamachado@bol.com.br,"Donec consequat sem id turpis imperdiet, nec bibendum leo sodales.",3,1
Eduardo Gomes Dantas da Rocha,eduardorocha@gmail.com,"Donec consequat sem id turpis imperdiet, nec bibendum leo sodales.",1,0
Anthony Soares da Costa,anthonycosta@outlook.com,"Sed condimentum dolor id justo dictum, quis tristique ante pulvinar.",16,1
Antônio de Freitas Santana,antôniosantana@hotmail.com,"Cras id odio placerat, hendrerit nibh sed, volutpat diam.",7,0
Maria Cecília Rocha Silva de Freitas,mariafreitas@outlook.com,"Aenean rutrum lectus a risus viverra, et ornare risus vulputate.",7,1
Nicolas Carneiro da Cruz Santana,nicolassantana@gmail.com,Nunc a nulla vel massa ultrices aliquam.,5,0
Pedro Henrique Duarte Sántos Rodrigues,pedrorodrigues@ig.com.br,Nunc pharetra sem eu scelerisque egestas.,20,1
Eduardo de Jesus de Paula Almeida,eduardoalmeida@bol.com.br,Etiam pulvinar magna non mi euismod consequat.,14,1
Bento de Oliveira,bentooliveira@ig.com.br,Quisque elementum sapien non tincidunt viverra.,6,0
Maria Helena Rocha Andrade Fernandes,mariafernandes@hotmail.com,"Vestibulum quis tortor ultrices, imperdiet lorem at, tempus nisi.",4,1
Ana Julia Guimaraes,anaguimaraes@gmail.com,"Praesent tempor justo a nibh cursus, eget efficitur velit laoreet.",19,1
Noah Pinheiro Souza,noahsouza@outlook.com,Quisque elementum sapien non tincidunt viverra.,5,1
Elisa de Sousa,elisasousa@gmail.com,Sed ac libero non magna blandit blandit.,8,0
Isis Lopes da Silva,isissilva@ig.com.br,"Phasellus sit amet dui efficitur, finibus leo in, luctus libero.",20,1
Pietro da Silva Ribeiro dos Reis,pietroreis@ig.com.br,Sed lacinia velit et lacus luctus accumsan.,6,1
Samuel Silveira Silva Pinto,samuelpinto@hotmail.com,"Sed nec urna scelerisque, dignissim ante et, mattis est.",7,0
Gael Pires,gaelpires@ig.com.br,Nulla malesuada dui ac lacus tempus iaculis.,3,0
Elisa de Jesus Nascimento Neves,elisaneves@ig.com.br,Vivamus eu sem et ligula egestas congue eu vel purus.,10,1
Pedro Barros Gomes,pedrogomes@hotmail.com,"Cras ut justo tristique, mattis odio vitae, tristique tellus.",6,0
Isadora Machado,isadoramachado@gmail.com,"Praesent tempor justo a nibh cursus, eget efficitur velit laoreet.",5,1
Isaac Souza de Castro,isaaccastro@outlook.com,"Vivamus luctus metus quis ante condimentum, sed interdum lacus luctus.",20,0
Esther Souza Moura Brito,estherbrito@bol.com.br,"Donec consequat sem id turpis imperdiet, nec bibendum leo sodales.",10,0
Isabelly Henrique de Sousa Barros,isabellybarros@gmail.com,Mauris tincidunt dui et molestie tincidunt.,3,1
Valentina Pinheiro,valentinapinheiro@bol.com.br,Nam tempor nunc vitae est condimentum consequat ac eu mi.,14,0
Lucas Farias Farias,lucasfarias@hotmail.com,"Sed vitae ligula ornare, aliquam mauris volutpat, cursus tellus.",14,1
Agatha de Paula,agathapaula@bol.com.br,Praesent eleifend urna eget dignissim lacinia.,17,1
Ana Laura de Carvalho,anacarvalho@hotmail.com,"Praesent tempor justo a nibh cursus, eget efficitur velit laoreet.",20,0
Benjamin Alves,benjaminalves@ig.com.br,Duis vehicula lectus at metus eleifend porttitor.,10,1
Sophia Silva Campos,sophiacampos@outlook.com,Sed sit amet elit in lacus mollis ultricies a a metus.,19,1
Bento da Cruz Soares Ramos,bentoramos@ig.com.br,"Curabitur et ipsum commodo, ornare risus sed, lobortis tortor.",3,0
Catarina Soares,catarinasoares@outlook.com,Quisque id enim eu mauris volutpat molestie fermentum ac quam.,12,0
Benício Coelho da Silva,beníciosilva@bol.com.br,"Nam eget orci consectetur, ullamcorper est in, molestie urna.",14,1
Maria Luiza da Costa,mariacosta@gmail.com,Vivamus condimentum orci vel mattis rhoncus.,10,0
Rafaela Henrique Moraes do Carmo,rafaelacarmo@hotmail.com,"Maecenas sed arcu lobortis, pharetra velit vel, porttitor lacus.",12,1
Lavinia Santana de Oliveira da Conceiçao,laviniaconceiçao@outlook.com,Etiam pulvinar magna non mi euismod consequat.,13,0
Joao Pedro Andrade de Almeida,joaoalmeida@gmail.com,"In non mi dapibus, vehicula nisl non, rhoncus mauris.",20,0
Isabelly Machado,isabellymachado@bol.com.br,Maecenas tempor urna quis tincidunt congue.,13,1
Emanuel Guimaraes,emanuelguimaraes@outlook.com,"Aliquam sed purus elementum, bibendum elit eu, pharetra magna.",2,0
Maria Cecília Costa Dantas,mariadantas@ig.com.br,Nulla malesuada dui ac lacus tempus iaculis.,3,0
Valentina Duarte Correa,valentinacorrea@ig.com.br,Etiam ornare sapien non neque aliquet aliquam.,3,0
Pedro Henrique Reis,pedroreis@bol.com.br,Morbi eget orci vel elit pellentesque efficitur ac quis nibh.,2,1
Miguel Ribeiro Correa,miguelcorrea@gmail.com,Sed sit amet elit in lacus mollis ultricies a a metus.,11,0
Sarah de Almeida Borges do Nascimento,sarahnascimento@gmail.com,"Sed nec urna scelerisque, dignissim ante et, mattis est.",18,1
Felipe de Carvalho,felipecarvalho@ig.com.br,Quisque euismod mi quis mauris porta facilisis non eu augue.,2,0
Gael da Conceiçao,gaelconceiçao@hotmail.com,Quisque elementum sapien non tincidunt viverra.,14,1
Joao Lucas Pinto Andrade,joaoandrade@gmail.com,"In in felis auctor, scelerisque magna in, eleifend sapien.",13,0
Benício do Nascimento Brito,beníciobrito@gmail.com,Nulla interdum elit in gravida imperdiet.,17,1
Pedro Henrique Viana Dantas,pedrodantas@gmail.com,Etiam ornare sapien non neque aliquet aliquam.,17,0
Guilherme Cruz da Costa,guilhermecosta@hotmail.com,"Sed nec urna scelerisque, dignissim ante et, mattis est.",8,1
Isis Nascimento Vieira Miranda,isismiranda@ig.com.br,"Maecenas a ligula viverra, tempor ipsum at, consequat orci.",20,1
Gabriel Nascimento,gabrielnascimento@ig.com.br,"Vivamus luctus metus quis ante condimentum, sed interdum lacus luctus.",15,0
Alice Duarte,aliceduarte@bol.com.br,Vivamus condimentum orci vel mattis rhoncus.,5,1
Isadora Medeiros,isadoramedeiros@hotmail.com,Nulla malesuada dui ac lacus tempus iaculis.,18,1
Catarina Mendes de Freitas de Almeida,catarinaalmeida@bol.com.br,"Cras id odio placerat, hendrerit nibh sed, volutpat diam.",12,0
Sarah Farias de Freitas,sarahfreitas@bol.com.br,"Nam eget orci consectetur, ullamcorper est in, molestie urna.",2,1
Lara do Nascimento Silveira,larasilveira@gmail.com,Integer non nunc ut erat egestas accumsan et a erat.,8,0
Samuel da Cruz,samuelcruz@ig.com.br,Nulla malesuada dui ac lacus tempus iaculis.,3,1
Liz de Melo Braga Melo,lizmelo@outlook.com,"Maecenas vitae libero egestas, lobortis augue eu, porta nunc.",20,0
Valentina Tavares,valentinatavares@ig.com.br,"Maecenas vitae libero egestas, lobortis augue eu, porta nunc.",6,1
Henrique Sántos de Castro Pinheiro,henriquepinheiro@gmail.com,"Phasellus vel risus porta, facilisis eros et, laoreet mauris.",20,1
Maria Helena Mendes,mariamendes@bol.com.br,"Pellentesque ac tellus dignissim, luctus magna vitae, viverra elit.",14,0
Esther Lopes,estherlopes@bol.com.br,"In aliquam augue eget lectus volutpat, eget cursus urna rutrum.",18,1
Manuela Almeida,manuelaalmeida@hotmail.com,Praesent eleifend urna eget dignissim lacinia.,12,0
Daniel Reis de Castro Pereira,danielpereira@bol.com.br,"Cras in leo dictum, sollicitudin nulla sed, placerat turpis.",9,0
Marina de Souza,marinasouza@ig.com.br,"Phasellus congue nibh in tortor interdum, tempor mollis dolor commodo.",16,0
Caua Santos,cauasantos@gmail.com,Praesent eleifend urna eget dignissim lacinia.,4,0
Nicolas Nascimento,nicolasnascimento@outlook.com,"Donec sagittis magna a orci fringilla, nec dignissim nisi efficitur.",16,0
Eloa Siqueira Guimaraes Borges,eloaborges@bol.com.br,"Donec eget orci rhoncus, semper sem vel, molestie turpis.",18,1
Calebe de Castro,calebecastro@gmail.com,"Mauris lobortis turpis id nisl fringilla, ac posuere lacus vulputate.",12,0
Joaquim Medeiros Pinheiro,joaquimpinheiro@bol.com.br,"Vestibulum quis tortor ultrices, imperdiet lorem at, tempus nisi.",19,0
Nicolas do Carmo Coelho,nicolascoelho@bol.com.br,"Maecenas sed arcu lobortis, pharetra velit vel, porttitor lacus.",6,1
Heloísa Gonçalves,heloísagonçalves@outlook.com,Mauris tincidunt dui et molestie tincidunt.,20,1
Luiza Cardoso Reis Campos,luizacampos@bol.com.br,"Donec eget orci rhoncus, semper sem vel, molestie turpis.",9,0
Miguel Freitas Tavares,migueltavares@outlook.com,Donec a nisi eu mi fringilla sagittis in eu orci.,15,0
Ana Luiza Ramos de Castro,anacastro@gmail.com,"Cras et nibh luctus, mattis risus ac, eleifend tellus.",1,0
Melissa Carvalho Pires de Jesus,melissajesus@ig.com.br,Cras a neque nec lorem gravida tempor sed non mauris.,11,0
Maria Julia Melo Brito Sántos,mariasántos@outlook.com,Curabitur scelerisque dui sed sapien gravida gravida.,13,0
Ana Clara Farias da Rocha,anarocha@bol.com.br,Sed sit amet elit in lacus mollis ultricies a a metus.,9,1
Vinicius Silva de Jesus Dantas,viniciusdantas@bol.com.br,Maecenas lacinia enim placerat lacus viverra dapibus.,18,0
Caua da Conceiçao de Castro Nogueira,cauanogueira@outlook.com,Ut ac quam et ex ullamcorper aliquet eget dapibus sem.,10,0
Joao Pedro Neves,joaoneves@hotmail.com,"Maecenas vitae libero egestas, lobortis augue eu, porta nunc.",14,0
Livia Barros Vieira Henrique,liviahenrique@ig.com.br,"In non mi dapibus, vehicula nisl non, rhoncus mauris.",4,0
Marina Alves Pires Moraes,marinamoraes@outlook.com,"Phasellus sit amet dui efficitur, finibus leo in, luctus libero.",11,0
Enzo Gabriel Vieira Machado Correia,enzocorreia@outlook.com,"Maecenas vitae libero egestas, lobortis augue eu, porta nunc.",11,1
Alicia Cardoso,aliciacardoso@hotmail.com,Mauris tincidunt dui et molestie tincidunt.,15,1
Bernardo Guimaraes de Lima,bernardolima@gmail.com,"Vestibulum ultricies tortor et nulla aliquet, tincidunt pharetra odio faucibus.",1,1
Joao Miguel Leite,joaoleite@bol.com.br,"Integer sit amet lectus convallis, pharetra ligula non, porta diam.",4,1
Calebe da Silva Viana Duarte,calebeduarte@bol.com.br,Nulla malesuada dui ac lacus tempus iaculis.,11,1
Vicente da Conceiçao,vicenteconceiçao@hotmail.com,"Phasellus congue nibh in tortor interdum, tempor mollis dolor commodo.",17,0
Gabriel Cruz Souza da Cruz,gabrielcruz@outlook.com,Ut ac quam et ex ullamcorper aliquet eget dapibus sem.,8,0
Isis da Rocha Nunes,isisnunes@gmail.com,"Pellentesque ac tellus dignissim, luctus magna vitae, viverra elit.",1,0
Caua Rodrigues de Paula Rocha,cauarocha@gmail.com,Sed sit amet elit in lacus mollis ultricies a a metus.,9,0
Samuel Braga Correa Marques,samuelmarques@ig.com.br,"Mauris lobortis turpis id nisl fringilla, ac posuere lacus vulputate.",19,1
Yasmin Tavares de Carvalho,yasmincarvalho@ig.com.br,Maecenas tempor urna quis tincidunt congue.,1,0
Guilherme de Sousa dos Reis Tavares,guilhermetavares@hotmail.com,"Quisque rhoncus erat a felis finibus, vitae viverra ex dapibus.",6,0
Rebeca da Rocha,rebecarocha@outlook.com,"Nam eget orci consectetur, ullamcorper est in, molestie urna.",10,1
Ana Luiza Cavalcante Dias,anadias@ig.com.br,Nullam faucibus tortor vitae ultrices vehicula.,5,1
Rafaela Aparecido Cavalcante,rafaelacavalcante@hotmail.com,Sed sit amet elit in lacus mollis ultricies a a metus.,11,0
Alicia Reis,aliciareis@ig.com.br,Nam congue purus in nisl eleifend semper.,18,0
Pietro Silva Garcia Medeiros,pietromedeiros@hotmail.com,Vestibulum ut mauris a enim viverra accumsan id eu justo.,14,1
Isaac do Nascimento dos Santos,isaacsantos@outlook.com,"Etiam eget tortor posuere, tempor massa ut, facilisis nisi.",1,1
Maria Alice de Almeida,mariaalmeida@gmail.com,"Maecenas a ligula viverra, tempor ipsum at, consequat orci.",15,0
Isadora do Nascimento Carneiro,isadoracarneiro@gmail.com,"Etiam quis dolor consectetur, aliquam urna quis, pellentesque nunc.",18,1
Beatriz Ferreira Siqueira Melo,beatrizmelo@bol.com.br,"Morbi pretium nisl ut ipsum viverra, in auctor nulla dignissim.",3,0
Alicia Fernandes Barros Medeiros,aliciamedeiros@bol.com.br,Maecenas lacinia enim placerat lacus viverra dapibus.,18,0
Catarina de Assis da Conceiçao Cavalcante,catarinacavalcante@gmail.com,Vivamus eu sem et ligula egestas congue eu vel purus.,1,1
Gustavo de Souza do Nascimento Lopes,gustavolopes@hotmail.com,"Nam eget orci consectetur, ullamcorper est in, molestie urna.",10,0
Pedro Henrique Henrique,pedrohenrique@hotmail.com,"Vestibulum quis tortor ultrices, imperdiet lorem at, tempus nisi.",19,1
Yasmin Henrique Siqueira de Souza,yasminsouza@ig.com.br,"Nunc sodales ligula ac mi cursus, sed molestie mi tincidunt.",1,0
Isaac da Rocha da Cruz,isaaccruz@gmail.com,"Etiam quis dolor consectetur, aliquam urna quis, pellentesque nunc.",14,0
Lara Martins de Souza,larasouza@bol.com.br,Donec sed sapien egestas sem viverra tempus vel nec velit.,10,0
Liz Soares Gonçalves Silva,lizsilva@hotmail.com,Donec a nisi eu mi fringilla sagittis in eu orci.,12,0
Enrico Medeiros de Andrade,enricoandrade@gmail.com,Nunc a nulla vel massa ultrices aliquam.,6,1
Isis Aparecido,isisaparecido@gmail.com,"Nam eget orci consectetur, ullamcorper est in, molestie urna.",2,0
Alicia Pinheiro Siqueira Nascimento,alicianascimento@hotmail.com,Nunc pharetra sem eu scelerisque egestas.,14,0
Lavinia Cavalcante Moraes,laviniamoraes@gmail.com,Donec posuere risus ac ipsum placerat cursus.,8,0
Lavinia Sántos Ramos,laviniaramos@outlook.com,Nulla malesuada dui ac lacus tempus iaculis.,14,1
Luiza Cordeiro,luizacordeiro@hotmail.com,Etiam ornare sapien non neque aliquet aliquam.,18,0
Maria Cecília do Nascimento Melo,mariamelo@bol.com.br,Nullam faucibus tortor vitae ultrices vehicula.,20,1
Anthony Teixeira,anthonyteixeira@outlook.com,Nam tempor nunc vitae est condimentum consequat ac eu mi.,19,1
Joao Pedro Vieira de Andrade Freitas,joaofreitas@ig.com.br,Maecenas tempor urna quis tincidunt congue.,20,1
Benício Oliveira Bezerra,beníciobezerra@gmail.com,Nunc pharetra sem eu scelerisque egestas.,3,0
Ana Julia Souza,anasouza@outlook.com,Ut ac quam et ex ullamcorper aliquet eget dapibus sem.,20,1
Bryan Siqueira Rocha,bryanrocha@bol.com.br,"Quisque rhoncus erat a felis finibus, vitae viverra ex dapibus.",4,1
Gustavo Pires,gustavopires@ig.com.br,Cras a neque nec lorem gravida tempor sed non mauris.,4,0
Guilherme Batista,guilhermebatista@bol.com.br,Aliquam pulvinar ante at fermentum convallis.,20,0
Rebeca de Lima Batista,rebecabatista@ig.com.br,Sed ac libero non magna blandit blandit.,6,1
Eduardo Vieira Marques da Silva,eduardosilva@bol.com.br,Nunc eu eros et urna vehicula iaculis eget in lectus.,7,0
Vinicius Braga,viniciusbraga@hotmail.com,"Nam eget orci consectetur, ullamcorper est in, molestie urna.",14,1
Maria Helena Sousa Almeida,mariaalmeida@bol.com.br,"Proin ultrices lorem fringilla ex viverra, sed semper nisl rhoncus.",6,1
Laura Rocha Campos Neves,lauraneves@bol.com.br,"Phasellus congue nibh in tortor interdum, tempor mollis dolor commodo.",5,0
Beatriz Campos,beatrizcampos@ig.com.br,Sed accumsan odio sed sapien laoreet porta.,13,1
Ana Laura Santana,anasantana@gmail.com,"Quisque rhoncus erat a felis finibus, vitae viverra ex dapibus.",12,1
Bryan Lopes dos Reis Nascimento,bryannascimento@bol.com.br,"Vestibulum et ipsum tincidunt, sodales turpis faucibus, condimentum dui.",12,0
Ana Clara de Assis Tavares,anatavares@bol.com.br,Vivamus condimentum orci vel mattis rhoncus.,13,1
Antônio Cardoso,antôniocardoso@bol.com.br,Quisque elementum sapien non tincidunt viverra.,12,1
Arthur Sántos de Oliveira,arthuroliveira@hotmail.com,"Cras in leo dictum, sollicitudin nulla sed, placerat turpis.",16,1
Isabella de Carvalho,isabellacarvalho@outlook.com,"Donec sagittis magna a orci fringilla, nec dignissim nisi efficitur.",6,0
Heloísa Nascimento Nunes,heloísanunes@hotmail.com,"Integer mollis velit varius ante convallis, mollis tempor massa maximus.",4,1
Maria Julia Correa da Rocha,mariarocha@outlook.com,"Etiam eget tortor posuere, tempor massa ut, facilisis nisi.",2,1
Bryan Barros Viana,bryanviana@ig.com.br,"Donec consequat sem id turpis imperdiet, nec bibendum leo sodales.",14,0
Nicolas Tavares de Andrade,nicolasandrade@gmail.com,Pellentesque tristique mi suscipit lorem ultricies ultrices.,2,1
Lavinia Sousa,laviniasousa@hotmail.com,Cras a neque nec lorem gravida tempor sed non mauris.,17,1
Calebe Barros dos Santos do Nascimento,calebenascimento@hotmail.com,"Nam volutpat leo at risus elementum, id consequat ipsum malesuada.",7,0
Pedro de Andrade de Souza Gonçalves,pedrogonçalves@outlook.com,Vivamus condimentum orci vel mattis rhoncus.,19,1
Yasmin de Freitas Henrique Lima,yasminlima@outlook.com,"Cras ut justo tristique, mattis odio vitae, tristique tellus.",8,1
Enzo Sántos Pereira Rocha,enzorocha@ig.com.br,"Aenean rutrum lectus a risus viverra, et ornare risus vulputate.",19,0
Maite de Jesus de Melo,maitemelo@bol.com.br,Nullam faucibus tortor vitae ultrices vehicula.,13,0
Mariana Moura Ramos Correia,marianacorreia@bol.com.br,"Duis ut lorem pulvinar, suscipit sapien vel, iaculis sem.",20,1
Isaac de Sousa,isaacsousa@hotmail.com,Curabitur scelerisque dui sed sapien gravida gravida.,11,1
Antônio Araujo de Oliveira,antôniooliveira@outlook.com,Ut ac quam et ex ullamcorper aliquet eget dapibus sem.,19,1
Catarina Farias Teixeira Freitas,catarinafreitas@gmail.com,Cras quis elit quis enim aliquet consectetur.,15,1
Noah de Assis Santos,noahsantos@ig.com.br,Etiam ornare sapien non neque aliquet aliquam.,4,0
Catarina Borges Nunes,catarinanunes@ig.com.br,Sed sit amet elit in lacus mollis ultricies a a metus.,4,0
Rebeca Monteiro de Freitas Borges,rebecaborges@hotmail.com,Nam a lacus in ex interdum malesuada.,14,0
Lucas Duarte de Sousa Barbosa,lucasbarbosa@hotmail.com,"Nam volutpat leo at risus elementum, id consequat ipsum malesuada.",2,1
Maria Luiza Cordeiro,mariacordeiro@bol.com.br,"Maecenas sed arcu lobortis, pharetra velit vel, porttitor lacus.",15,0
Davi Lucca Tavares Sousa Campos,davicampos@outlook.com,"Nam volutpat leo at risus elementum, id consequat ipsum malesuada.",10,0
Felipe Mendes,felipemendes@bol.com.br,"Morbi pretium nisl ut ipsum viverra, in auctor nulla dignissim.",11,0
Guilherme Cardoso Santana,guilhermesantana@outlook.com,Nulla interdum elit in gravida imperdiet.,10,0
Rafael Marques Santana Duarte,rafaelduarte@bol.com.br,"Donec eget orci rhoncus, semper sem vel, molestie turpis.",8,1
Maria Clara Rocha da Rocha Correa,mariacorrea@bol.com.br,"Etiam quis dolor consectetur, aliquam urna quis, pellentesque nunc.",5,1
Rebeca Nogueira Santos,rebecasantos@hotmail.com,Etiam pulvinar magna non mi euismod consequat.,7,1
Maite Cordeiro Pinheiro de Araujo,maitearaujo@ig.com.br,"Morbi id felis vestibulum, blandit justo in, sodales nisi.",16,1
Maria Julia Braga,mariabraga@outlook.com,Nunc eu eros et urna vehicula iaculis eget in lectus.,18,0
Eloa Gonçalves de Paula,eloapaula@bol.com.br,Donec sed sapien egestas sem viverra tempus vel nec velit.,15,1
Rafael Mendes,rafaelmendes@gmail.com,"Mauris lobortis turpis id nisl fringilla, ac posuere lacus vulputate.",2,1
Ana Laura de Jesus de Jesus,anajesus@gmail.com,Maecenas lacinia enim placerat lacus viverra dapibus.,10,0
Ana Laura dos Reis,anareis@ig.com.br,"Etiam quis dolor consectetur, aliquam urna quis, pellentesque nunc.",4,1
Isis Pereira da Conceiçao,isisconceiçao@gmail.com,Cras a neque nec lorem gravida tempor sed non mauris.,3,0
Agatha de Melo Barros Santana,agathasantana@gmail.com,"Pellentesque ac tellus dignissim, luctus magna vitae, viverra elit.",12,1
Murilo Almeida,muriloalmeida@bol.com.br,"Phasellus vel risus porta, facilisis eros et, laoreet mauris.",9,1
Enrico Batista Carvalho,enricocarvalho@hotmail.com,"Vivamus luctus metus quis ante condimentum, sed interdum lacus luctus.",7,1
Maria Helena Silva Campos Teixeira,mariateixeira@hotmail.com,"Vestibulum quis tortor ultrices, imperdiet lorem at, tempus nisi.",6,1
Davi Lucca Correia,davicorreia@bol.com.br,"Nam volutpat leo at risus elementum, id consequat ipsum malesuada.",19,1
Giovanna Campos Pereira Souza,giovannasouza@ig.com.br,"Etiam quis dolor consectetur, aliquam urna quis, pellentesque nunc.",10,1
Ana Clara Rodrigues Guimaraes Aparecido,anaaparecido@hotmail.com,"Integer sit amet lectus convallis, pharetra ligula non, porta diam.",20,0
Vicente Sántos,vicentesántos@ig.com.br,Nam tempor nunc vitae est condimentum consequat ac eu mi.,11,0
Bernardo Almeida,bernardoalmeida@bol.com.br,Nunc quis urna ut lorem viverra iaculis.,8,0
Yasmin Ribeiro de Freitas Cordeiro,yasmincordeiro@gmail.com,"Etiam quis dolor consectetur, aliquam urna quis, pellentesque nunc.",20,0
Joaquim Batista,joaquimbatista@outlook.com,Donec posuere risus ac ipsum placerat cursus.,9,1
Maria Eduarda da Cruz,mariacruz@gmail.com,Donec interdum elit in euismod vulputate.,14,1
Valentina Conceição da Costa Ribeiro,valentinaribeiro@outlook.com,Vivamus condimentum orci vel mattis rhoncus.,6,0
Maria Luiza Machado,mariamachado@bol.com.br,Nunc quis urna ut lorem viverra iaculis.,2,0
Manuela Cavalcante de Assis,manuelaassis@gmail.com,Sed lacinia velit et lacus luctus accumsan.,2,1
Matheus de Melo Farias,matheusfarias@ig.com.br,"Cras ut justo tristique, mattis odio vitae, tristique tellus.",11,1
Liz Santos Almeida,lizalmeida@outlook.com,"Vestibulum et ipsum tincidunt, sodales turpis faucibus, condimentum dui.",14,0
Bryan Nunes da Conceiçao Miranda,bryanmiranda@gmail.com,Donec posuere risus ac ipsum placerat cursus.,1,1
Maria Luiza Lopes Araujo Monteiro,mariamonteiro@ig.com.br,Donec interdum elit in euismod vulputate.,11,1
Lavinia Freitas,laviniafreitas@gmail.com,"Vestibulum ultricies tortor et nulla aliquet, tincidunt pharetra odio faucibus.",17,0
Bento Moreira,bentomoreira@hotmail.com,Sed ac libero non magna blandit blandit.,9,1
Esther de Souza Campos Viana,estherviana@outlook.com,Sed sit amet elit in lacus mollis ultricies a a metus.,12,0
Noah de Melo Alves,noahalves@hotmail.com,Nam a lacus in ex interdum malesuada.,6,1
Alice Garcia Costa,alicecosta@gmail.com,"Maecenas vitae libero egestas, lobortis augue eu, porta nunc.",5,0
Gabriela Cavalcante de Castro Coelho,gabrielacoelho@bol.com.br,Morbi varius orci in efficitur tempor.,15,1
Theo Farias,theofarias@bol.com.br,Sed lacinia velit et lacus luctus accumsan.,2,1
Anthony Carvalho Brito,anthonybrito@hotmail.com,Morbi eget orci vel elit pellentesque efficitur ac quis nibh.,8,0
Maria Alice Braga Barbosa Dantas,mariadantas@bol.com.br,Morbi varius orci in efficitur tempor.,20,0
Beatriz de Jesus,beatrizjesus@gmail.com,Donec posuere risus ac ipsum placerat cursus.,7,0
Lucca Cardoso Coelho Aparecido,luccaaparecido@ig.com.br,Maecenas lacinia enim placerat lacus viverra dapibus.,6,0
Enrico Pires da Conceiçao,enricoconceiçao@bol.com.br,Etiam pulvinar magna non mi euismod consequat.,5,1
Isabella Correia,isabellacorreia@ig.com.br,Donec interdum elit in euismod vulputate.,16,1
Elisa Almeida Dantas Reis,elisareis@hotmail.com,"Quisque tristique libero a libero pellentesque, et consequat nibh imperdiet.",7,0
Rebeca Machado de Carvalho,rebecacarvalho@gmail.com,"Vestibulum ultricies tortor et nulla aliquet, tincidunt pharetra odio faucibus.",4,0
Lucas de Souza Pinto,lucaspinto@gmail.com,Donec posuere risus ac ipsum placerat cursus.,14,1
Enzo Ribeiro,enzoribeiro@outlook.com,"Nam volutpat leo at risus elementum, id consequat ipsum malesuada.",4,0
Ana Clara Monteiro de Almeida Miranda,anamiranda@outlook.com,"In in felis auctor, scelerisque magna in, eleifend sapien.",15,0
Joao Pedro Barros Ferreira Soares,joaosoares@gmail.com,"Cras id odio placerat, hendrerit nibh sed, volutpat diam.",1,1
Beatriz Neves Melo da Conceiçao,beatrizconceiçao@ig.com.br,Nam a lacus in ex interdum malesuada.,9,1
Joao Pedro Nunes,joaonunes@outlook.com,"Vivamus luctus metus quis ante condimentum, sed interdum lacus luctus.",9,1
Caua de Oliveira Leite,caualeite@gmail.com,Donec posuere risus ac ipsum placerat cursus.,16,1
Rafael Nogueira,rafaelnogueira@ig.com.br,Etiam ornare sapien non neque aliquet aliquam.,19,1
Noah Moreira Santos Gomes,noahgomes@ig.com.br,"Maecenas vel mi sagittis, suscipit turpis eu, rhoncus massa.",12,0
Davi Lucca Gonçalves,davigonçalves@ig.com.br,Etiam pulvinar magna non mi euismod consequat.,20,0
Maria Clara de Jesus Correa,mariacorrea@outlook.com,Vivamus condimentum orci vel mattis rhoncus.,14,1
Gael de Lima Henrique Fernandes,gaelfernandes@hotmail.com,Ut ac quam et ex ullamcorper aliquet eget dapibus sem.,18,0
Lorenzo Henrique,lorenzohenrique@outlook.com,"Pellentesque ac tellus dignissim, luctus magna vitae, viverra elit.",19,0
Gael Miranda Barros,gaelbarros@ig.com.br,"Vestibulum quis tortor ultrices, imperdiet lorem at, tempus nisi.",17,1
Enzo Melo,enzomelo@gmail.com,"Vestibulum quis tortor ultrices, imperdiet lorem at, tempus nisi.",17,0
Murilo dos Reis Marques Campos,murilocampos@outlook.com,"Nam volutpat leo at risus elementum, id consequat ipsum malesuada.",1,1
Emanuel Cardoso Rocha,emanuelrocha@ig.com.br,"Sed nec urna scelerisque, dignissim ante et, mattis est.",2,0
Elisa Garcia Dantas,elisadantas@hotmail.com,Ut ac quam et ex ullamcorper aliquet eget dapibus sem.,10,1
Lucas Campos Moura Gonçalves,lucasgonçalves@hotmail.com,"Sed lobortis arcu scelerisque, maximus eros at, porta tellus.",20,0
Lucca do Carmo Leite da Silva,luccasilva@hotmail.com,"Aliquam hendrerit arcu quis risus molestie, eu cursus odio pellentesque.",11,0
Joaquim Correa Coelho,joaquimcoelho@bol.com.br,"Vestibulum quis tortor ultrices, imperdiet lorem at, tempus nisi.",2,0
Samuel Rodrigues,samuelrodrigues@outlook.com,"Aenean rutrum lectus a risus viverra, et ornare risus vulputate.",2,1
Gustavo Freitas de Lima de Sousa,gustavosousa@bol.com.br,"Integer sit amet lectus convallis, pharetra ligula non, porta diam.",3,1
Lorena Correia de Jesus,lorenajesus@outlook.com,Duis vehicula lectus at metus eleifend porttitor.,10,0
Maite da Costa,maitecosta@gmail.com,"Etiam quis dolor consectetur, aliquam urna quis, pellentesque nunc.",1,0
Mariana de Paula da Cruz,marianacruz@outlook.com,Nunc eu eros et urna vehicula iaculis eget in lectus.,20,1
Isaac Silva,isaacsilva@hotmail.com,"Proin ultrices lorem fringilla ex viverra, sed semper nisl rhoncus.",19,1
Arthur da Costa,arthurcosta@gmail.com,"Vestibulum ultricies tortor et nulla aliquet, tincidunt pharetra odio faucibus.",6,1
Isabelly da Silva Cruz Garcia,isabellygarcia@ig.com.br,"Praesent tempor justo a nibh cursus, eget efficitur velit laoreet.",5,0
Valentina do Nascimento,valentinanascimento@bol.com.br,"Donec eget orci rhoncus, semper sem vel, molestie turpis.",2,0
Alice Borges Pinto do Nascimento,alicenascimento@outlook.com,"Nam eget orci consectetur, ullamcorper est in, molestie urna.",14,0
Daniel Almeida,danielalmeida@gmail.com,Aliquam pulvinar ante at fermentum convallis.,8,0
Manuela Pinto de Assis Correa,manuelacorrea@ig.com.br,"Mauris lobortis turpis id nisl fringilla, ac posuere lacus vulputate.",1,0
Sarah de Paula Guimaraes Silveira,sarahsilveira@gmail.com,"Nam volutpat leo at risus elementum, id consequat ipsum malesuada.",18,1
Arthur Dias Oliveira Moura,arthurmoura@gmail.com,"In non mi dapibus, vehicula nisl non, rhoncus mauris.",15,1
Pedro Henrique Cavalcante Guimaraes,pedroguimaraes@outlook.com,"Proin ultrices lorem fringilla ex viverra, sed semper nisl rhoncus.",11,0
Antônio Barbosa,antôniobarbosa@outlook.com,Sed accumsan odio sed sapien laoreet porta.,20,1
Eduardo Barros Garcia Cavalcante,eduardocavalcante@ig.com.br,Aliquam pulvinar ante at fermentum convallis.,8,1
Enzo Gabriel Bezerra,enzobezerra@bol.com.br,Sed ac libero non magna blandit blandit.,8,0
Manuela Carvalho,manuelacarvalho@gmail.com,Sed ac libero non magna blandit blandit.,15,1
Maria Alice Garcia Araujo,mariaaraujo@outlook.com,"Maecenas sed arcu lobortis, pharetra velit vel, porttitor lacus.",7,0
Isis Andrade,isisandrade@ig.com.br,Curabitur id lacus et purus viverra tincidunt.,20,0
Joaquim Gomes,joaquimgomes@gmail.com,"Phasellus vel risus porta, facilisis eros et, laoreet mauris.",9,0
Gael Marques Cordeiro Ferreira,gaelferreira@ig.com.br,Sed ac libero non magna blandit blandit.,15,1
Lavinia Correia de Carvalho Ramos,laviniaramos@bol.com.br,"Aliquam hendrerit arcu quis risus molestie, eu cursus odio pellentesque.",2,0
Agatha de Melo Cavalcante Gonçalves,agathagonçalves@ig.com.br,Nam congue purus in nisl eleifend semper.,5,0
Ana Julia de Freitas,anafreitas@bol.com.br,"Sed condimentum dolor id justo dictum, quis tristique ante pulvinar.",12,0
Joaquim Freitas de Melo,joaquimmelo@outlook.com,Curabitur id lacus et purus viverra tincidunt.,5,0
Arthur Freitas Sousa,arthursousa@ig.com.br,"Aenean rutrum lectus a risus viverra, et ornare risus vulputate.",5,1
Lucca Pereira,luccapereira@ig.com.br,Vivamus eu sem et ligula egestas congue eu vel purus.,7,1
Maria Cecília Mendes Freitas,mariafreitas@outlook.com,"In non mi dapibus, vehicula nisl non, rhoncus mauris.",20,1
Daniel de Paula Almeida Correia,danielcorreia@gmail.com,"Phasellus congue nibh in tortor interdum, tempor mollis dolor commodo.",3,0
Ana Julia Marques Lopes Lima,analima@gmail.com,"Etiam quis dolor consectetur, aliquam urna quis, pellentesque nunc.",10,1
Eloa Neves Almeida,eloaalmeida@gmail.com,Suspendisse a erat ac ex ullamcorper pretium.,10,1
Benício Henrique Teixeira Cavalcante,beníciocavalcante@outlook.com,"Etiam quis dolor consectetur, aliquam urna quis, pellentesque nunc.",17,1
Murilo Mendes,murilomendes@outlook.com,Quisque elementum sapien non tincidunt viverra.,14,1
Alice Guimaraes de Sousa Batista,alicebatista@bol.com.br,"Sed lobortis arcu scelerisque, maximus eros at, porta tellus.",14,1
Julia Correia Sántos,juliasántos@bol.com.br,Nam a lacus in ex interdum malesuada.,1,1
Maria Clara Coelho Siqueira de Freitas,mariafreitas@bol.com.br,Donec sed sapien egestas sem viverra tempus vel nec velit.,19,1
Nicolas Sousa Pinto Borges,nicolasborges@ig.com.br,Quisque id enim eu mauris volutpat molestie fermentum ac quam.,7,1
Livia Monteiro Freitas,liviafreitas@ig.com.br,Etiam ornare sapien non neque aliquet aliquam.,20,0
Maite Brito de Souza Batista,maitebatista@bol.com.br,"Duis ut lorem pulvinar, suscipit sapien vel, iaculis sem.",7,1
Sarah Correa Campos de Andrade,sarahandrade@bol.com.br,Donec a nisi eu mi fringilla sagittis in eu orci.,13,0
Emanuelly do Carmo,emanuellycarmo@hotmail.com,Pellentesque tristique mi suscipit lorem ultricies ultrices.,6,1
Enrico dos Santos Coelho,enricocoelho@outlook.com,"Maecenas vitae libero egestas, lobortis augue eu, porta nunc.",4,0
Clara Teixeira Rodrigues,clararodrigues@ig.com.br,Morbi eget orci vel elit pellentesque efficitur ac quis nibh.,11,0
Sophia Garcia,sophiagarcia@bol.com.br,Vivamus condimentum orci vel mattis rhoncus.,1,0
Gustavo Bezerra de Oliveira,gustavooliveira@gmail.com,Nam congue purus in nisl eleifend semper.,14,1
Isaac Cavalcante de Castro,isaaccastro@outlook.com,Mauris tincidunt dui et molestie tincidunt.,16,1
Caio Almeida Neves,caioneves@ig.com.br,"Sed lobortis arcu scelerisque, maximus eros at, porta tellus.",2,1
Maria Eduarda Correia Andrade Aparecido,mariaaparecido@gmail.com,"Nam eget orci consectetur, ullamcorper est in, molestie urna.",19,0
Helena de Andrade Carneiro Miranda,helenamiranda@gmail.com,Nam congue purus in nisl eleifend semper.,12,0
Guilherme Ribeiro Lima Borges,guilhermeborges@ig.com.br,"Etiam quis dolor consectetur, aliquam urna quis, pellentesque nunc.",12,0
Isadora Cordeiro,isadoracordeiro@hotmail.com,Donec posuere risus ac ipsum placerat cursus.,13,1
Nicolas Viana Farias,nicolasfarias@bol.com.br,"Quisque rhoncus erat a felis finibus, vitae viverra ex dapibus.",13,0
Bryan Machado,bryanmachado@hotmail.com,Maecenas lacinia enim placerat lacus viverra dapibus.,20,1
Maria Julia Sántos,mariasántos@bol.com.br,"Cras ut justo tristique, mattis odio vitae, tristique tellus.",11,0
Manuela Aparecido,manuelaaparecido@outlook.com,Donec interdum elit in euismod vulputate.,13,0
Samuel Lopes Soares,samuelsoares@ig.com.br,Nam congue purus in nisl eleifend semper.,13,0
Daniel de Almeida,danielalmeida@ig.com.br,"Integer mollis velit varius ante convallis, mollis tempor massa maximus.",19,0
Emanuel Souza,emanuelsouza@bol.com.br,"Vestibulum quis tortor ultrices, imperdiet lorem at, tempus nisi.",14,0
Clara Ribeiro Gonçalves,claragonçalves@outlook.com,Praesent eleifend urna eget dignissim lacinia.,8,0
Maria Alice de Freitas,mariafreitas@bol.com.br,"Donec sagittis magna a orci fringilla, nec dignissim nisi efficitur.",5,1
Liz Freitas de Castro Souza,lizsouza@outlook.com,Nulla interdum elit in gravida imperdiet.,9,0
Pedro Soares,pedrosoares@ig.com.br,Curabitur id lacus et purus viverra tincidunt.,5,0
Rafaela Fernandes Moura Ribeiro,rafaelaribeiro@bol.com.br,Nam tempor nunc vitae est condimentum consequat ac eu mi.,13,1
Gabriela Monteiro Almeida,gabrielaalmeida@hotmail.com,Vivamus eu dolor a sem dapibus rutrum.,6,0
Lorenzo Coelho de Castro de Paula,lorenzopaula@gmail.com,"Nam eget orci consectetur, ullamcorper est in, molestie urna.",18,0
Lavinia Cardoso Andrade,laviniaandrade@ig.com.br,Nullam faucibus tortor vitae ultrices vehicula.,5,0
Pedro Henrique Machado Ribeiro,pedroribeiro@bol.com.br,"In non mi dapibus, vehicula nisl non, rhoncus mauris.",6,1
Isis Sántos Melo,isismelo@outlook.com,"Sed nec urna scelerisque, dignissim ante et, mattis est.",2,0
Elisa Coelho,elisacoelho@hotmail.com,"Cras et nibh luctus, mattis risus ac, eleifend tellus.",2,0
Alice de Castro,alicecastro@hotmail.com,"Donec eget orci rhoncus, semper sem vel, molestie turpis.",4,0
Ana Clara Nogueira Carneiro Barros,anabarros@gmail.com,Nunc quis urna ut lorem viverra iaculis.,1,1
Esther Leite Rocha Santos,esthersantos@outlook.com,Ut ac quam et ex ullamcorper aliquet eget dapibus sem.,8,1
Joao de Paula,joaopaula@outlook.com,"Donec eget orci rhoncus, semper sem vel, molestie turpis.",18,0
Joao Ferreira,joaoferreira@outlook.com,"Phasellus sit amet dui efficitur, finibus leo in, luctus libero.",15,0
Isaac Cruz Araujo Barros,isaacbarros@bol.com.br,Nulla interdum elit in gravida imperdiet.,11,1
Alice Moraes,alicemoraes@outlook.com,Etiam ornare sapien non neque aliquet aliquam.,5,1
Davi Lucca da Costa Carneiro,davicarneiro@outlook.com,"Duis ut lorem pulvinar, suscipit sapien vel, iaculis sem.",17,1
Ana Laura Neves,ananeves@gmail.com,"Etiam eget tortor posuere, tempor massa ut, facilisis nisi.",12,1
Benício de Paula Ferreira Tavares,beníciotavares@bol.com.br,"Sed nec urna scelerisque, dignissim ante et, mattis est.",11,0
Liz Lopes Pires Santana,lizsantana@gmail.com,Pellentesque tristique mi suscipit lorem ultricies ultrices.,4,0
Benjamin da Conceiçao,benjaminconceiçao@gmail.com,Donec interdum elit in euismod vulputate.,4,1
Maria Clara Cruz Moreira Almeida,mariaalmeida@ig.com.br,Nullam faucibus tortor vitae ultrices vehicula.,18,0
Ana Clara Moraes,anamoraes@gmail.com,"Integer mollis velit varius ante convallis, mollis tempor massa maximus.",12,1
Gustavo Souza da Conceiçao,gustavoconceiçao@ig.com.br,"Nam eget orci consectetur, ullamcorper est in, molestie urna.",2,0
Enzo Leite,enzoleite@hotmail.com,"Curabitur et ipsum commodo, ornare risus sed, lobortis tortor.",16,1
Marina Monteiro Siqueira,marinasiqueira@bol.com.br,"Mauris lobortis turpis id nisl fringilla, ac posuere lacus vulputate.",4,1
Bryan Andrade da Silva Santana,bryansantana@outlook.com,"Vestibulum ultricies tortor et nulla aliquet, tincidunt pharetra odio faucibus.",20,1
Lavinia Cardoso Lima Conceição,laviniaconceição@ig.com.br,"Vivamus luctus metus quis ante condimentum, sed interdum lacus luctus.",19,0
Julia Moraes,juliamoraes@hotmail.com,Vivamus condimentum orci vel mattis rhoncus.,17,0
Leonardo de Araujo Pires,leonardopires@bol.com.br,Nunc quis urna ut lorem viverra iaculis.,16,0
Bento Batista Melo,bentomelo@bol.com.br,Nunc eu eros et urna vehicula iaculis eget in lectus.,19,1
Yasmin Leite Batista Cordeiro,yasmincordeiro@ig.com.br,Etiam pulvinar magna non mi euismod consequat.,17,1
Elisa Garcia,elisagarcia@gmail.com,Morbi eget orci vel elit pellentesque efficitur ac quis nibh.,15,1
Noah Freitas Vieira,noahvieira@bol.com.br,Cras a neque nec lorem gravida tempor sed non mauris.,17,1
Valentina de Lima de Almeida,valentinaalmeida@ig.com.br,Sed lacinia velit et lacus luctus accumsan.,15,0
Enzo Gabriel Moraes Gomes Almeida,enzoalmeida@hotmail.com,"Duis ut lorem pulvinar, suscipit sapien vel, iaculis sem.",20,0
Ana Clara Garcia Pereira,anapereira@outlook.com,"Nam volutpat leo at risus elementum, id consequat ipsum malesuada.",16,0
Lorenzo Costa Freitas,lorenzofreitas@ig.com.br,"In in felis auctor, scelerisque magna in, eleifend sapien.",5,1
Isaac de Lima Moura,isaacmoura@bol.com.br,Sed lacinia velit et lacus luctus accumsan.,7,0
Giovanna Souza,giovannasouza@bol.com.br,"Mauris lobortis turpis id nisl fringilla, ac posuere lacus vulputate.",1,0
Mariana Nogueira,mariananogueira@gmail.com,Donec interdum elit in euismod vulputate.,11,0
Heitor de Paula da Silva Araujo,heitoraraujo@ig.com.br,"Vestibulum ultricies tortor et nulla aliquet, tincidunt pharetra odio faucibus.",6,0
Gael Cruz,gaelcruz@gmail.com,Sed sit amet elit in lacus mollis ultricies a a metus.,20,1
Julia Coelho Gomes,juliagomes@outlook.com,"Maecenas a ligula viverra, tempor ipsum at, consequat orci.",14,0
Ana Julia Silveira Martins de Melo,anamelo@bol.com.br,"Sed condimentum dolor id justo dictum, quis tristique ante pulvinar.",17,0
Rafaela Lima Oliveira,rafaelaoliveira@ig.com.br,"In in felis auctor, scelerisque magna in, eleifend sapien.",13,0
Benício Henrique Melo,beníciomelo@hotmail.com,"Quisque tristique libero a libero pellentesque, et consequat nibh imperdiet.",12,1
Benjamin de Araujo Moura,benjaminmoura@hotmail.com,"Integer mollis velit varius ante convallis, mollis tempor massa maximus.",6,0
Yasmin da Rocha Sousa,yasminsousa@ig.com.br,"Aliquam hendrerit arcu quis risus molestie, eu cursus odio pellentesque.",1,0
Gabriela Freitas,gabrielafreitas@hotmail.com,Donec interdum elit in euismod vulputate.,14,0
Heitor Araujo Almeida,heitoralmeida@ig.com.br,"Aenean rutrum lectus a risus viverra, et ornare risus vulputate.",17,0
Joao Lucas de Lima Andrade,joaoandrade@outlook.com,"Integer sit amet lectus convallis, pharetra ligula non, porta diam.",10,1
Clara de Melo Coelho Santos,clarasantos@ig.com.br,Maecenas tempor urna quis tincidunt congue.,11,1
Isabella Freitas Pinheiro Silveira,isabellasilveira@bol.com.br,"Donec consequat sem id turpis imperdiet, nec bibendum leo sodales.",13,0
Caio da Conceiçao Ribeiro Moreira,caiomoreira@bol.com.br,"Cras ut justo tristique, mattis odio vitae, tristique tellus.",13,0
Elisa Cruz Borges,elisaborges@outlook.com,Suspendisse a erat ac ex ullamcorper pretium.,18,0
Leonardo de Sousa,leonardosousa@bol.com.br,"Cras id odio placerat, hendrerit nibh sed, volutpat diam.",2,1
Davi Braga,davibraga@bol.com.br,Praesent eleifend urna eget dignissim lacinia.,4,0
Pedro Henrique de Almeida da Cruz,pedrocruz@hotmail.com,Morbi eget orci vel elit pellentesque efficitur ac quis nibh.,14,1
Lavinia de Sousa de Almeida,laviniaalmeida@hotmail.com,"Integer mollis velit varius ante convallis, mollis tempor massa maximus.",8,0
Murilo da Costa da Costa Monteiro,murilomonteiro@ig.com.br,Nunc quis urna ut lorem viverra iaculis.,7,0
Samuel de Freitas,samuelfreitas@ig.com.br,Curabitur quis nisl et eros pellentesque pretium quis id massa.,12,0
Enrico Aparecido,enricoaparecido@bol.com.br,"Sed vitae ligula ornare, aliquam mauris volutpat, cursus tellus.",4,0
Mariana Nunes Reis Santana,marianasantana@ig.com.br,"Vestibulum et ipsum tincidunt, sodales turpis faucibus, condimentum dui.",5,1
Maria Julia Pinto,mariapinto@gmail.com,Nulla interdum elit in gravida imperdiet.,14,0
Bryan Freitas Mendes,bryanmendes@outlook.com,"Cras aliquet orci ut ante semper, sed varius arcu iaculis.",3,0
Antônio Conceição Sousa,antôniosousa@ig.com.br,Sed eu neque feugiat augue blandit pharetra.,7,0
Caio de Almeida Neves Henrique,caiohenrique@gmail.com,"Duis in justo rhoncus, suscipit velit non, egestas sapien.",6,1
Manuela do Nascimento Pinto,manuelapinto@gmail.com,"Vestibulum et ipsum tincidunt, sodales turpis faucibus, condimentum dui.",13,1
Maite Santana Pinheiro,maitepinheiro@ig.com.br,Etiam ornare sapien non neque aliquet aliquam.,12,1
Gael dos Santos,gaelsantos@outlook.com,Maecenas lacinia enim placerat lacus viverra dapibus.,2,1
Joao Pedro Melo Alves,joaoalves@gmail.com,"Phasellus congue nibh in tortor interdum, tempor mollis dolor commodo.",14,0
Antonella da Costa de Carvalho,antonellacarvalho@hotmail.com,"Aliquam sed purus elementum, bibendum elit eu, pharetra magna.",15,1
Lucca Souza Pereira da Conceiçao,luccaconceiçao@bol.com.br,Etiam ornare sapien non neque aliquet aliquam.,20,0
Gustavo Garcia Borges Barros,gustavobarros@outlook.com,Maecenas tempor urna quis tincidunt congue.,13,1
Melissa Miranda Oliveira Rocha,melissarocha@gmail.com,"Aliquam hendrerit arcu quis risus molestie, eu cursus odio pellentesque.",3,1
Pietro da Cruz Santos,pietrosantos@outlook.com,Etiam finibus ligula et ante finibus bibendum.,15,0
Isadora de Jesus Santos,isadorasantos@hotmail.com,Morbi varius orci in efficitur tempor.,18,1
Murilo de Castro,murilocastro@outlook.com,Nulla interdum elit in gravida imperdiet.,19,1
Eduardo Barbosa,eduardobarbosa@gmail.com,"Duis in justo rhoncus, suscipit velit non, egestas sapien.",14,0
Valentina de Sousa Santos Costa,valentinacosta@ig.com.br,Nam tempor nunc vitae est condimentum consequat ac eu mi.,4,1
Mariana Barbosa Marques Cardoso,marianacardoso@gmail.com,Sed eu neque feugiat augue blandit pharetra.,4,1
Murilo Alves Freitas,murilofreitas@bol.com.br,Cras quis elit quis enim aliquet consectetur.,11,0
Pedro Henrique Correia,pedrocorreia@hotmail.com,"Aenean rutrum lectus a risus viverra, et ornare risus vulputate.",3,1
Pedro Henrique Pinto,pedropinto@bol.com.br,"Pellentesque ac tellus dignissim, luctus magna vitae, viverra elit.",1,0
Lucca Freitas,luccafreitas@hotmail.com,Curabitur scelerisque dui sed sapien gravida gravida.,8,1
Sophia Barbosa,sophiabarbosa@outlook.com,"Phasellus congue nibh in tortor interdum, tempor mollis dolor commodo.",15,0
Liz Brito Fernandes Siqueira,lizsiqueira@ig.com.br,"Sed condimentum dolor id justo dictum, quis tristique ante pulvinar.",18,0
Enrico Campos,enricocampos@gmail.com,"Vestibulum quis tortor ultrices, imperdiet lorem at, tempus nisi.",18,1
Pedro Andrade Cruz Farias,pedrofarias@outlook.com,"Sed vitae ligula ornare, aliquam mauris volutpat, cursus tellus.",7,0
Yasmin Correia Freitas,yasminfreitas@bol.com.br,Nunc quis urna ut lorem viverra iaculis.,16,1
Vitor Santana Duarte,vitorduarte@gmail.com,"Quisque dictum turpis id nisl vehicula, vel pulvinar risus placerat.",6,1
Bento Melo,bentomelo@gmail.com,"In in felis auctor, scelerisque magna in, eleifend sapien.",8,0
Eloa de Oliveira de Assis Andrade,eloaandrade@hotmail.com,"Sed lobortis arcu scelerisque, maximus eros at, porta tellus.",4,1
Julia de Andrade,juliaandrade@ig.com.br,"Morbi id felis vestibulum, blandit justo in, sodales nisi.",11,1
Isabelly Batista,isabellybatista@ig.com.br,"Etiam eget tortor posuere, tempor massa ut, facilisis nisi.",19,1
Clara Siqueira Oliveira,claraoliveira@hotmail.com,"Aenean rutrum lectus a risus viverra, et ornare risus vulputate.",5,0
Joao Braga Teixeira,joaoteixeira@hotmail.com,"Phasellus sit amet dui efficitur, finibus leo in, luctus libero.",16,1
Caio da Rocha Lopes Pinheiro,caiopinheiro@gmail.com,"Maecenas a ligula viverra, tempor ipsum at, consequat orci.",2,1
Esther de Araujo Batista,estherbatista@gmail.com,Nunc a nulla vel massa ultrices aliquam.,11,1
Caio de Freitas,caiofreitas@bol.com.br,"Curabitur et ipsum commodo, ornare risus sed, lobortis tortor.",19,1
Isaac Cardoso Viana da Cruz,isaaccruz@ig.com.br,"Cras et nibh luctus, mattis risus ac, eleifend tellus.",10,0
Isabelly Carneiro Cordeiro Fernandes,isabellyfernandes@ig.com.br,"Cras aliquet orci ut ante semper, sed varius arcu iaculis.",10,0
Rafaela Cruz de Oliveira,rafaelaoliveira@ig.com.br,"Duis ut lorem pulvinar, suscipit sapien vel, iaculis sem.",16,1
Enzo Gabriel Garcia Correa Souza,enzosouza@outlook.com,Nam tempor nunc vitae est condimentum consequat ac eu mi.,4,1
Leonardo Pinheiro Conceição,leonardoconceição@gmail.com,"Aliquam hendrerit arcu quis risus molestie, eu cursus odio pellentesque.",18,1
Julia Mendes Pinto de Araujo,juliaaraujo@hotmail.com,Donec sed sapien egestas sem viverra tempus vel nec velit.,2,1
Bryan Braga Correa,bryancorrea@outlook.com,Etiam pulvinar magna non mi euismod consequat.,3,0
Catarina Sántos de Andrade Soares,catarinasoares@outlook.com,Duis vehicula lectus at metus eleifend porttitor.,9,0
Heloísa de Paula Fernandes Cordeiro,heloísacordeiro@gmail.com,"Sed condimentum dolor id justo dictum, quis tristique ante pulvinar.",15,1
Gustavo de Souza Brito Freitas,gustavofreitas@gmail.com,Etiam ornare sapien non neque aliquet aliquam.,14,1
Clara da Costa Rodrigues,clararodrigues@bol.com.br,Vivamus eu dolor a sem dapibus rutrum.,19,0
Matheus de Andrade Almeida Santana,matheussantana@ig.com.br,Etiam finibus ligula et ante finibus bibendum.,11,0
Antonella Oliveira,antonellaoliveira@outlook.com,Donec a nisi eu mi fringilla sagittis in eu orci.,1,0
Isadora Moura,isadoramoura@ig.com.br,Vivamus eu sem et ligula egestas congue eu vel purus.,14,0
Vicente Siqueira da Silva,vicentesilva@ig.com.br,Sed accumsan odio sed sapien laoreet porta.,19,1
Arthur Monteiro de Jesus,arthurjesus@hotmail.com,"Sed vitae ligula ornare, aliquam mauris volutpat, cursus tellus.",4,0
Eloa Almeida,eloaalmeida@outlook.com,"Morbi id felis vestibulum, blandit justo in, sodales nisi.",12,0
Ana Clara Aparecido,anaaparecido@bol.com.br,Morbi varius orci in efficitur tempor.,19,1
Caio Santos da Costa,caiocosta@gmail.com,"Vivamus luctus metus quis ante condimentum, sed interdum lacus luctus.",18,0
Gael Dias Neves Henrique,gaelhenrique@bol.com.br,"Etiam eget tortor posuere, tempor massa ut, facilisis nisi.",18,1
Pedro Henrique Almeida Dantas,pedrodantas@gmail.com,"Aenean rutrum lectus a risus viverra, et ornare risus vulputate.",20,1
Maria Cecília de Sousa Ferreira,mariaferreira@bol.com.br,"Nam eget orci consectetur, ullamcorper est in, molestie urna.",12,0
